name,bankAccount,billingAddress,companyId
Magna A Inc.,RO84DVFX7767732716190229,Ap #731-7166 Cras Avenue,1
Augue Limited,IS032169331243538495113751,"P.O. Box 197 4166 Integer Street",1
Suscipit Est Ac Inc.,DO72109721096239243006280168,548 Malesuada Rd.,1
Eu Turpis Nulla Company,BA588197341447637705,"305-5672 Nec Rd.",1
Sapien Imperdiet Ornare PC,FO8498812389667629,"P.O. Box 870 4733 Arcu Rd.",1
Nascetur Ridiculus Foundation,NO2163754083959,"P.O. Box 648 5120 Massa St.",1
Mauris Erat Eget LLC,DE85468908838335651139,"P.O. Box 429 6997 Lobortis Ave",1
Eget Dictum Placerat LLC,TN8333277742955802939863,"146-7892 Ornare St.",1
Nunc Incorporated,LU086856040036318826,4099 Pede St.,1
Cursus LLC,GT96640754396278850791334948,"358-7507 At Ave",1
Lorem Eget Mollis LLP,DE81105554037770559988,623-5800 Magna Ave,1
Eu Arcu Corporation,GE26888834733631996328,"P.O. Box 87 1694 Vel St.",1
Sapien Aenean Associates,MR2641715804547408599107797,Ap #874-9955 Eget St.,1
Quam LLP,MD9136237215289238254622,"Ap #948-8423 In St.",1
Imperdiet Dictum Corp.,ES1143925572701760606783,Ap #756-6728 Vulputate St.,1
Tincidunt Orci LLC,BG62XPAW17093053722033,"P.O. Box 272 7018 Eget St.",1
Ultrices A LLC,DE72297428854956699028,Ap #510-223 Enim Rd.,1
A Institute,GT49018962828527556092494878,"3824 Non St.",1
Nisi Nibh Lacinia LLC,SI95086685935313124,"P.O. Box 704 594 Aliquam Rd.",1
Risus Inc.,TN0907576179701024520791,806-4860 Sed Road,1
Lectus LLC,BH49566686921239157695,4390 Sit St.,1
Volutpat Foundation,EE473986378854715709,Ap #180-8110 Sed Road,1
In Consulting,LU879154625106090708,4802 Curabitur St.,1
Nullam Corp.,KZ225760396402593392,"P.O. Box 767 3097 Inceptos St.",1
Ac Mi Eleifend Institute,NO2629268818178,7808 Sagittis St.,1
Sollicitudin Commodo Associates,BA083956185443362531,8562 Semper Road,1
Lorem Eu Metus Foundation,CH5464049583946487526,185-9876 Nullam St.,1
Gravida Nunc Associates,MU8936221869522263672101889536,629-3494 Lorem Road,1
Primis In Faucibus PC,TN8534891111299143737181,Ap #803-4794 Sed St.,1
Est Institute,DE66607135416335403926,573 Ante Rd.,1
Est Inc.,RO45NNLB7382809134637564,394-4718 Arcu. Street,1
Ligula Nullam Enim Inc.,IS403011102448724477600105,Ap #273-3206 Integer Rd.,1
Enim Consequat Purus Limited,MK44227942419129235,"P.O. Box 905 1447 Nibh Av.",1
Habitant Morbi Tristique Foundation,LV92KFEF0880919245927,Ap #926-1462 Cursus Road,1
Lorem Limited,IS204963056516794163388825,"P.O. Box 832 784 Praesent Rd.",1
Nulla Aliquet Proin Corporation,GL1869633912847599,Ap #756-2622 Vel St.,1
Mauris LLC,AL17243462847831808114511068,"P.O. Box 188 9222 Maecenas Avenue",1
Suspendisse Corporation,MR0801922373580410429571166,"P.O. Box 251 8237 Odio Av.",1
Sed Industries,GI91WNQG800220659120297,9050 Vel Av.,1
Eget Metus Corporation,LU765227423025338215,760-438 Ipsum Avenue,1
Sit Amet LLP,CZ5800326664970064771012,"Ap #327-1521 Ornare Rd.",1
Lacus Consulting,AL68603350061299761984983283,2783 Velit St.,1
Urna Limited,RS62052039227616945337,"3465 A Rd.",1
Eget LLP,AT246324940986314683,"P.O. Box 454 325 Lobortis Avenue",1
Purus Company,FO0984447683422436,"P.O. Box 541 5851 Donec Road",1
Nec Ltd,PS168074809034399714329896398,434-2705 Semper Ave,1
Nunc Mauris Incorporated,EE778258987784227740,"P.O. Box 327 7092 Neque St.",1
Iaculis Lacus Institute,BE91724503036700,"P.O. Box 990 3120 Ultricies St.",1
Pellentesque A Facilisis Corporation,MR3056639189592163244447288,284-3329 Accumsan Road,1
Parturient LLC,LT146393628062891685,951 Odio. St.,1
Adipiscing Mauris PC,NO1691327508137,891-1224 Nunc Rd.,1
Risus Nunc Company,LU179758881631554250,"P.O. Box 194 3636 Id Road",1
Viverra Associates,KZ775852267710216727,916-9020 Odio Road,1
Lectus Company,SK0739201233805610009399,614-4856 At Av.,1
Placerat Velit Foundation,PT43457068177467650106564,Ap #992-1525 Tincidunt Av.,1
Scelerisque Neque Sed Foundation,FI8937803414480133,159-6659 Aliquam Avenue,1
Nunc Industries,DK1736280182421351,9266 Aliquam Ave,1
Pede Sagittis Augue PC,CH8753045566818888876,"Ap #398-2564 Est Ave",1
Massa Non Ante Associates,HR3083159078966732108,Ap #209-1816 Nibh Road,1
Amet Ornare Lectus Foundation,MC8215872614723269477744474,737-5262 Dapibus Rd.,1
Sed Dui Fusce Ltd,VG0721180568213688632390,"P.O. Box 854 8341 Elit. Road",1
Non Cursus Non Associates,PT27552231873163904892970,"P.O. Box 788 2461 Tellus Rd.",1
In Lorem Donec Limited,FI1394742661479876,Ap #717-8066 Vitae Rd.,1
A PC,IS694121558162851622179917,3951 Donec Rd.,1
Suspendisse Corporation,DE67039662741759309713,Ap #533-9466 Enim Rd.,1
Mollis Industries,DE38986073211776699527,737-7346 Diam Street,1
Sit Amet Faucibus Institute,NL24EQGD4301071923,Ap #120-6123 Neque Avenue,1
Dolor Dapibus Company,HR4095707878702498452,117-6497 Cras Rd.,1
Quam Vel Sapien Consulting,FO4650648662657181,"P.O. Box 484 350 Lorem Street",1
Volutpat Nulla Incorporated,LT275012387196378518,"P.O. Box 628 898 Dolor Rd.",1
Ac Corp.,FR1051615400691106230369689,882-3275 Mauris Rd.,1
Risus Consulting,RS26697804034403082237,"P.O. Box 152 6484 Libero Rd.",1
Proin Eget Odio Incorporated,SK3582833241475281298001,848-388 Feugiat Ave,1
Fringilla Ornare Company,DK0283405386496134,"P.O. Box 299 9774 Blandit Av.",1
Quam Dignissim Corp.,IE16MNRI02666430491833,Ap #628-1420 Non Rd.,1
Venenatis Limited,GT45496152692084828474086740,"P.O. Box 402 3640 Facilisis. Rd.",1
Metus Aenean Sed Associates,SI97612541015092842,134-2572 Nibh Avenue,1
Donec Est Corp.,FO8268719748175015,"P.O. Box 478 7317 Eget Rd.",1
Amet LLP,ME23203277095606131478,"367-4876 Aliquet Street",1
Ut Pellentesque Eget Company,GR4313674287325288413143427,Ap #750-4965 Eget St.,1
Aliquam Eros PC,MU3903155470712524009515177562,"P.O. Box 298 7404 Condimentum. Road",1
Convallis Associates,RS50509508113281754506,3581 Cubilia Ave,1
Vestibulum Ante Limited,SE4701124406260766545803,Ap #332-8508 Neque Avenue,1
In Lobortis LLC,MK83351128664567963,8002 Vitae Rd.,1
Urna Nec Luctus Foundation,DO26333620265944576074821038,7420 Eu Street,1
Ut Company,IL408718466676965152272,"Ap #749-1581 Lorem Road",1
Lobortis PC,BA067374134795318145,"P.O. Box 646 1870 Duis St.",1
Lobortis Incorporated,MR3219898420344885047379958,612-8212 Congue Av.,1
Sapien Aenean Incorporated,LT771470974602608576,420-4320 Pede. Street,1
Sit Amet Luctus Ltd,ES6829976003088747091460,560-543 Lacus. Rd.,1
Duis At Ltd,SM0977652451507603063568355,"P.O. Box 414 846 A Rd.",1
Class Aptent Taciti Consulting,MC2381394357916271723032338,"P.O. Box 619 548 Lorem Avenue",1
Nec Ante Maecenas Institute,NL84CQML3961034447,"P.O. Box 567 1527 Dolor, Av.",1
Ante Foundation,BE26947233347881,"6778 Et Rd.",1
Non Arcu Vivamus Foundation,MK81878592837515770,"P.O. Box 818 1551 Orci Road",1
Duis Cursus Industries,MT60NRGA82542735587065039111770,"Ap #104-1306 Ornare Av.",1
Eu Ultrices Institute,KW8867771782850988480147511402,8108 Velit Rd.,1
Mus Proin Vel Limited,MD1568758896407810578353,Ap #687-6414 Aliquam St.,1
In Lobortis Tellus Consulting,LI1768978547901927586,"P.O. Box 816 9965 In Av.",1
Torquent Industries,AE760241179765946749039,"362-6017 Quis Avenue",1
