Username,FirstName,LastName,Email,Phone,CompanyName
Bruce,Mannix,Coffey,ullamcorper.magna@semutcursus.com,1-795-996-5101,Ilc
Cadman,Graham,Ochoa,magna.Praesent.interdum@tincidunt.org,1-211-260-1352,Ilc
Rina,Hu,Leonard,ipsum@mifringilla.com,1-324-445-0574,Ilc
Justina,Geoffrey,Rush,ac.mattis.ornare@fringilla.com,1-835-179-5300,Ilc
Whitney,Wade,Guy,nunc.nulla@imperdietornare.net,1-555-806-5918,Ilc
Nola,Burke,Foster,penatibus.et@Suspendisseeleifend.co.uk,654-8592,Ilc
Daryl,Zeph,Buck,ornare.lectus@massaVestibulumaccumsan.co.uk,931-4709,Ilc
Tanner,Zachery,Wiley,enim.Nunc.ut@utsem.co.uk,1-310-104-1354,Ilc
Fuller,Orson,Golden,vel@sed.edu,1-433-534-5758,Ilc
Robin,Cullen,Clarke,enim.Etiam@Maurisut.net,626-6209,Ilc
Irene,Thomas,Hogan,a.neque.Nullam@MorbivehiculaPellentesque.ca,1-314-637-2133,Ilc
Nora,Jakeem,Lambert,mi.ac@commodo.co.uk,1-521-677-9400,Ilc
Donovan,Drew,Mcguire,vulputate.velit.eu@velit.edu,601-0655,Ilc
Macey,Marshall,Montoya,conubia.nostra.per@Inscelerisque.org,386-3969,Ilc
Amaya,Dustin,Mathis,non.leo.Vivamus@leoMorbi.org,1-344-981-2365,Ilc
Arsenio,Brady,Forbes,auctor.velit@adipiscing.com,1-964-413-2266,Ilc
Silas,Coby,Forbes,Cum.sociis.natoque@ornareplaceratorci.ca,1-985-729-7620,Ilc
Lester,Orson,Wilkins,scelerisque.sed.sapien@magnisdisparturient.net,626-4217,Ilc
Alexa,Duncan,Collier,Donec.egestas.Duis@a.com,1-358-223-5608,Magna A Inc.
Stewart,Tyler,Prince,cursus@duiquis.edu,1-364-856-1817,Magna A Inc.
Eric,Dylan,Young,augue@dis.ca,755-7182,Magna A Inc.
Skyler,Slade,Barker,blandit@fermentum.edu,1-676-160-8483,Magna A Inc.
Sydnee,Honorato,Casey,luctus.felis.purus@lobortis.net,266-7759,Magna A Inc.
Claudia,Coby,Melendez,Mauris.nulla.Integer@semmolestie.net,1-992-625-9652,Magna A Inc.
Aiko,Lester,Snow,egestas@ametnulla.ca,733-7794,Magna A Inc.
Burton,Colorado,Bird,iaculis.odio.Nam@sed.ca,426-7635,Magna A Inc.
Gloria,Kasimir,Wong,consectetuer.mauris@sitametultricies.co.uk,372-5401,Magna A Inc.
Berk,Len,Vinson,facilisis.magna@nislarcu.org,1-221-504-0195,Magna A Inc.
Dacey,Jin,Strong,purus.Duis.elementum@nonluctus.co.uk,1-871-196-1363,Magna A Inc.
Chaim,Emery,Vega,elit.Nulla.facilisi@atsemmolestie.net,1-215-136-9982,Magna A Inc.
Reed,Mason,Stanton,facilisis@Quisqueac.org,1-705-866-1351,Magna A Inc.
Dale,Samuel,Hardy,Nunc.quis.arcu@ametrisus.com,1-880-949-6009,Augue Limited
Demetrius,Rogan,Underwood,ligula@atpedeCras.net,213-3272,Augue Limited
Ryan,Ferdinand,Bates,per.conubia@fringilla.edu,1-954-116-1622,Augue Limited
Leo,Murphy,Kirby,velit.egestas.lacinia@pede.co.uk,1-128-679-7313,Augue Limited
Dorian,Rahim,Thomas,ullamcorper.nisl.arcu@arcuvelquam.org,1-164-440-0473,Augue Limited
Rinah,Eaton,Byrd,elit.Nulla@lacus.edu,588-6879,Augue Limited
Grace,Erich,Ballard,enim.nec.tempus@pedeet.ca,909-7856,Augue Limited
Avram,Gregory,Fletcher,orci.adipiscing@etcommodoat.edu,1-845-884-8602,Augue Limited
Sydney,Nolan,Parker,sollicitudin@scelerisque.co.uk,1-188-546-3849,Augue Limited
Nora,Jackson,Molina,amet.lorem@convallisantelectus.com,1-743-528-9917,Augue Limited
Sophia,Yuli,Simpson,diam.at@Integer.ca,1-782-226-4054,Augue Limited
Iliana,Charles,Blair,pulvinar.arcu@convallisconvallis.org,1-950-872-1471,Suscipit Est Ac Inc.
Miranda,Victor,Nixon,Quisque.purus.sapien@Aliquam.org,460-6946,Suscipit Est Ac Inc.
Nicholas,Aaron,Ashley,sem.magna@necanteblandit.net,1-818-155-4990,Suscipit Est Ac Inc.
Lev,Adam,Bernard,Nulla.eget@perinceptoshymenaeos.co.uk,432-3822,Suscipit Est Ac Inc.
Shay,Ali,Hahn,Sed.nunc.est@laoreetipsumCurabitur.net,1-381-356-1475,Suscipit Est Ac Inc.
Dana,Isaiah,Espinoza,egestas@Aliquam.net,1-110-833-4048,Suscipit Est Ac Inc.
Uriah,Burton,Ball,magna.Phasellus@inceptos.ca,971-9268,Suscipit Est Ac Inc.
Ryder,Troy,Schneider,feugiat.non.lobortis@neque.com,1-599-658-7902,Suscipit Est Ac Inc.
Brent,Hall,Bates,at@sit.org,157-4739,Suscipit Est Ac Inc.
Nola,Emmanuel,Adams,ligula@feugiat.org,1-188-381-4404,Suscipit Est Ac Inc.
April,Scott,Tyler,ac.turpis@eu.co.uk,203-1567,Suscipit Est Ac Inc.
Nathaniel,Warren,Mccall,ultrices.Duis@turpisNullaaliquet.co.uk,1-723-926-9470,Suscipit Est Ac Inc.
Talon,Richard,Owen,turpis.Nulla.aliquet@vel.org,405-7373,Suscipit Est Ac Inc.
Phyllis,Lucas,Ortiz,tristique.pharetra@Proinmi.ca,1-332-841-8524,Suscipit Est Ac Inc.
Lydia,Dylan,Gillespie,amet@euenimEtiam.ca,1-817-236-6551,Suscipit Est Ac Inc.
Kelly,Micah,Blevins,convallis.convallis.dolor@netuset.co.uk,487-4532,Suscipit Est Ac Inc.
Heather,Damian,French,Proin@Sed.net,1-105-486-5814,Suscipit Est Ac Inc.
Ezekiel,Kibo,Small,semper.erat@accumsanlaoreetipsum.edu,944-1399,Suscipit Est Ac Inc.
Rogan,Kieran,Haney,luctus.sit@ultricesaauctor.org,923-4747,Suscipit Est Ac Inc.
Leo,Gil,Jacobs,amet@venenatisvelfaucibus.net,498-6333,Suscipit Est Ac Inc.
Jelani,Martin,Thomas,Donec.est.mauris@bibendum.edu,564-4508,Suscipit Est Ac Inc.
Indigo,Yardley,Lynch,tincidunt@nislsem.co.uk,1-126-543-4153,Suscipit Est Ac Inc.
Shelby,Clinton,Wade,interdum.feugiat.Sed@semper.com,351-8478,Suscipit Est Ac Inc.
Benjamin,Hammett,Skinner,felis@mollisIntegertincidunt.org,1-426-152-3211,Suscipit Est Ac Inc.
Wesley,Dante,Freeman,pellentesque.Sed@scelerisquescelerisque.net,1-711-982-5067,Suscipit Est Ac Inc.
Vance,Jason,Dalton,Sed@ametmassa.org,244-8609,Suscipit Est Ac Inc.
Guinevere,Hunter,Horn,Nulla.eu.neque@nisinibh.com,1-916-131-3438,Suscipit Est Ac Inc.
Amity,Jack,Mckenzie,lacus.Cras@euelit.ca,661-2664,Suscipit Est Ac Inc.
Quin,Reese,Jenkins,Cras@Maurisvelturpis.co.uk,716-3390,Suscipit Est Ac Inc.
Xena,Barclay,Knox,augue.malesuada.malesuada@ipsumPhasellusvitae.ca,1-907-714-0538,Suscipit Est Ac Inc.
Maxine,Phillip,Holloway,risus.Donec.egestas@sit.edu,1-480-567-6072,Suscipit Est Ac Inc.
Ocean,Harrison,Pugh,nunc.sit@interdumfeugiat.edu,1-884-689-2663,Suscipit Est Ac Inc.
Hilel,Griffin,Rosario,gravida.sagittis.Duis@Morbi.ca,967-8375,Suscipit Est Ac Inc.
Erich,Amal,Pena,iaculis.lacus.pede@Phasellusnulla.edu,1-351-190-3976,Suscipit Est Ac Inc.
Zeus,Harlan,Richards,cursus@risusa.net,1-409-810-8138,Suscipit Est Ac Inc.
Grant,Lester,Bright,Maecenas.malesuada.fringilla@nibh.co.uk,173-0827,Suscipit Est Ac Inc.
Bertha,Ulysses,Jarvis,convallis.dolor.Quisque@eu.com,1-291-822-4341,Suscipit Est Ac Inc.
Sebastian,Valentine,Henson,urna.justo.faucibus@sem.net,831-5527,Mauris Erat Eget LLC
Alyssa,Gary,Owens,Integer.eu.lacus@volutpatNulla.co.uk,1-301-294-3697,Mauris Erat Eget LLC
Vera,Jin,Jennings,nonummy@anteVivamus.net,624-4864,Mauris Erat Eget LLC
Clayton,Ashton,Potts,luctus.Curabitur.egestas@euismod.co.uk,1-268-356-5752,Mauris Erat Eget LLC
Hoyt,Armando,Stevenson,mi.lacinia@risusNulla.co.uk,1-600-283-7584,Mauris Erat Eget LLC
Rhonda,Edward,Lee,ipsum.Phasellus.vitae@placerat.net,785-7567,Mauris Erat Eget LLC
Raya,Connor,Burris,feugiat@arcuMorbisit.net,1-618-249-7086,Mauris Erat Eget LLC
Ashton,Slade,Harmon,in@aneque.co.uk,427-7595,Mauris Erat Eget LLC
Eaton,Linus,Rios,id@sit.ca,196-3748,Mauris Erat Eget LLC
Jacqueline,Evan,Richardson,ullamcorper.magna@Suspendissetristiqueneque.com,1-113-243-8603,Mauris Erat Eget LLC
Fredericka,Cullen,Grimes,nec.urna.et@semmollisdui.co.uk,732-0850,Mauris Erat Eget LLC
Emerald,Raphael,Miles,Mauris.blandit@sed.edu,598-7286,Mauris Erat Eget LLC
Griffin,Jeremy,Martin,enim@Proin.org,915-8030,Cursus LLC
Caryn,Amir,Cruz,bibendum.ullamcorper.Duis@afeugiat.net,513-6626,Cursus LLC
Alika,Harrison,Bowman,mus@ultricesVivamusrhoncus.edu,396-4320,Cursus LLC
Kyla,Xenos,Schroeder,senectus.et.netus@penatibusetmagnis.co.uk,1-664-143-8300,Cursus LLC
Yardley,Ian,Molina,arcu.Morbi.sit@sapiengravida.com,676-8146,Cursus LLC
Deborah,Reuben,Sharpe,orci.adipiscing.non@pedeacurna.edu,1-823-602-9865,Cursus LLC
Jamal,Benedict,Elliott,adipiscing@pharetraNamac.net,1-175-311-3411,Cursus LLC
Halla,Zephania,Doyle,aptent.taciti@sollicitudinorci.com,107-7627,Cursus LLC
Pascale,Lee,Avila,et.eros.Proin@Loremipsum.org,1-926-156-6085,Cursus LLC
